c5a038f7b893f2b485597e12340c802bb2164b78,
90ba8346f7f1a304a0e53abbf97ebc5051a3837d,
1257ee4cb238affd46ef15d06714525c2c7c9018,
1257ee4cb238affd46ef15d06714525c2c7c9018,
ad801198a9fab4e4ef79eb97624a4bf9c78b450a,
ad801198a9fab4e4ef79eb97624a4bf9c78b450a,
ad801198a9fab4e4ef79eb97624a4bf9c78b450a,
ad801198a9fab4e4ef79eb97624a4bf9c78b450a,
4452d71687b6bc2c9389c3349fdc17fbd73b833b,
1257ee4cb238affd46ef15d06714525c2c7c9018,
ad801198a9fab4e4ef79eb97624a4bf9c78b450a,
ba4868b3f277c8e387b55d9e3d0be7c045cdd89e,
1257ee4cb238affd46ef15d06714525c2c7c9018
